<?xml version="1.0"?>
<!DOCTYPE hibernate-mapping PUBLIC 
"-//Hibernate/Hibernate Mapping DTD 3.0//EN"
"http://hibernate.sourceforge.net/hibernate-mapping-3.0.dtd">

<hibernate-mapping package="entity">
	
	<!-- class to table mapping -->
	<class name="Employee" table="banktable">

		<id name="id" column="id" />
		<property name="firstName" column="Firstname" />
		<property name="bankname" column="Bankname" />
		<property name="accno" column="Accno" />
		<property name="phone" column="Phone" />
		<property name="address" column="Address" />
		

	</class>
	
	
</hibernate-mapping>
